"preset","siteId","service","kind","requestedHostname","currentHostname","browserStatus","visualNote","readyState","bodyTextLength","imageCount","completeImageCount","resourceCount","failedResourceCount","mainStatus","mainProtocol","mainTtfbMs","protocols","rootRoute","rootDns","rootMatchedRule","rootMatchedRuleSet","routeDecisions","dnsDecisions","ipFamilies","generationCount","mixedRouting","captureId"
"direct","gosuslugi","Gosuslugi","mandatory","www.gosuslugi.ru","www.gosuslugi.ru","PASS","Visual page, DOM and essential resource shell loaded","complete","1296","46","46","185","12","200","h2","92.44","h2|websocket","NO_TUN","SYSTEM","","","","","","0","NO","20260731T074658Z-a8147473"
"direct","esia","ESIA","mandatory","esia.gosuslugi.ru","esia.gosuslugi.ru","PASS","Visual page, DOM and essential resource shell loaded","complete","373","2","2","53","10","302","http/1.1","113.83","http/1.1|h3|h2|UNKNOWN","NO_TUN","SYSTEM","","","","","","0","NO","20260731T074710Z-a29cd224"
"direct","goskey","Goskey public page","mandatory","goskey.ru","goskey.ru","PASS","Visual page, DOM and essential resource shell loaded","complete","925","5","5","21","1","200","http/1.1","110.32","http/1.1|h2|h3","NO_TUN","SYSTEM","","","","","","0","NO","20260731T074721Z-27a1f6f8"
"direct","nalog","Nalog","mandatory","www.nalog.gov.ru","www.nalog.gov.ru","PASS","Visual page, DOM and essential resource shell loaded","complete","4294","40","40","111","3","301","h2","5.66","h2|UNKNOWN|http/1.1|websocket","NO_TUN","SYSTEM","","","","","","0","NO","20260731T074731Z-cbaaae19"
"direct","mos","Mos.ru","mandatory","www.mos.ru","www.mos.ru","PASS","Visual page, DOM and essential resource shell loaded","complete","4414","23","23","140","1","200","h2","143.13","h2|http/1.1|websocket","NO_TUN","SYSTEM","","","","","","0","NO","20260731T074749Z-e7f0d739"
"direct","cbr","Central Bank","mandatory","cbr.ru","cbr.ru","PASS","Visual page, DOM and essential resource shell loaded","complete","3827","18","18","79","0","200","h2","120.65","h2|websocket","NO_TUN","SYSTEM","","","","","","0","NO","20260731T074802Z-3e938183"
"direct","sbp","SBP","mandatory","sbp.nspk.ru","sbp.nspk.ru","PASS","Visual page, DOM and essential resource shell loaded","complete","2265","55","10","166","2","200","h2","3.87","h2|websocket|http/1.1","NO_TUN","SYSTEM","","","","","","0","NO","20260731T074812Z-6f033745"
"direct","sber","Sber","mandatory","www.sberbank.ru","www.sberbank.ru","PASS","Visual page, DOM and essential resource shell loaded","complete","3375","38","20","180","14","200","h2","233.94","h2|UNKNOWN|http/1.1|websocket","NO_TUN","SYSTEM","","","","","","0","NO","20260731T074823Z-070fced5"
"direct","tbank","T-Bank","mandatory","www.tbank.ru","www.tbank.ru","PASS","Visual page, DOM and essential resource shell loaded","complete","6576","184","174","292","4","200","h2","633.68","h2|UNKNOWN|http/1.1|websocket","NO_TUN","SYSTEM","","","","","","0","NO","20260731T074833Z-faaa704b"
"direct","alfa","Alfa-Bank","mandatory","alfabank.ru","chromewebdata","INCONCLUSIVE","Chrome TLS page: NET::ERR_CERT_AUTHORITY_INVALID","complete","208","0","0","1","1","","UNKNOWN","","UNKNOWN","NO_TUN","SYSTEM","","","","","","0","NO","20260731T074846Z-f39b38ea"
"direct","vtb","VTB","mandatory","www.vtb.ru","www.vtb.ru","PASS","Visual page, DOM and essential resource shell loaded","complete","3726","57","25","136","6","200","http/1.1","223.46","http/1.1|h2","NO_TUN","SYSTEM","","","","","","0","NO","20260731T074855Z-c4d72c9d"
"direct","gazprombank","Gazprombank","mandatory","www.gazprombank.ru","www.gazprombank.ru","PASS","Visual page, DOM and essential resource shell loaded","complete","18430","107","107","421","3","200","h2","1342.29","h2|http/1.1|websocket","NO_TUN","SYSTEM","","","","","","0","NO","20260731T074906Z-ec79b708"
"direct","raiffeisen","Raiffeisen","mandatory","www.raiffeisen.ru","www.raiffeisen.ru","PASS","Visual page, DOM and essential resource shell loaded","complete","2041","9","9","83","1","200","http/1.1","265.45","http/1.1|h2|websocket","NO_TUN","SYSTEM","","","","","","0","NO","20260731T074921Z-84fa201f"
"direct","sovcombank","Sovcombank","mandatory","sovcombank.ru","sovcombank.ru","PASS","Visual page, DOM and essential resource shell loaded","complete","6467","66","66","109","3","200","h2","462.98","h2|UNKNOWN|http/1.1|websocket|h3","NO_TUN","SYSTEM","","","","","","0","NO","20260731T074933Z-0cd4343f"
"direct","yandex","Yandex","mandatory","yandex.ru","dzen.ru","PASS","Visual page, DOM and essential resource shell loaded","complete","6778","3","1","174","0","302","h2","6.06","h2|http/1.1|websocket","NO_TUN","SYSTEM","","","","","","0","NO","20260731T074945Z-53105a44"
"direct","yandex_search","Yandex Search","mandatory","yandex.ru","yandex.ru","PASS","Visual page, DOM and essential resource shell loaded","complete","3252","3","3","294","14","302","h2","111.15","h2|http/1.1|UNKNOWN|websocket|h3","NO_TUN","SYSTEM","","","","","","0","NO","20260731T074957Z-2447eae1"
"direct","yandex_maps","Yandex Maps","mandatory","yandex.ru","yandex.ru","PASS","Visual page, DOM and essential resource shell loaded","complete","716","1","0","125","9","200","h2","135.05","h2|http/1.1|websocket|UNKNOWN","NO_TUN","SYSTEM","","","","","","0","NO","20260731T075008Z-0763c5fd"
"direct","yandex_music","Yandex Music","mandatory","music.yandex.ru","music.yandex.ru","PASS","Visual page, DOM and essential resource shell loaded","complete","1217","16","16","232","0","200","h2","276.54","h2|http/1.1","NO_TUN","SYSTEM","","","","","","0","NO","20260731T075018Z-a69d3a07"
"direct","kinopoisk","Kinopoisk","mandatory","www.kinopoisk.ru","www.kinopoisk.ru","PASS","Visual page, DOM and essential resource shell loaded","complete","5139","133","64","224","3","200","h2","439.72","h2|http/1.1|UNKNOWN","NO_TUN","SYSTEM","","","","","","0","NO","20260731T075031Z-6fc757d4"
"direct","wildberries","Wildberries","mandatory","www.wildberries.ru","www.wildberries.ru","PASS","Visual page, DOM and essential resource shell loaded","complete","8251","64","43","235","3","200","h2","102.79","h2|h3|http/1.1","NO_TUN","SYSTEM","","","","","","0","NO","20260731T075043Z-557aa363"
"direct","ozon","Ozon","mandatory","www.ozon.ru","www.ozon.ru","PASS","Visual page, DOM and essential resource shell loaded","complete","1220","21","21","164","0","200","h3","119.17","h3|h2","NO_TUN","SYSTEM","","","","","","0","NO","20260731T075055Z-6f0e3abb"
"direct","avito","Avito","mandatory","www.avito.ru","m.avito.ru","PASS","Visual page, DOM and essential resource shell loaded","complete","1954","28","26","285","16","301","h2","229.4","h2|h3|UNKNOWN|http/1.1|websocket","NO_TUN","SYSTEM","","","","","","0","NO","20260731T075105Z-c53cdee7"
"direct","megamarket","Megamarket","mandatory","megamarket.ru","megamarket.ru","INCONCLUSIVE","Strict visual/DOM completeness gate not met","interactive","992","32","30","191","7","200","h2","375.03","h2|http/1.1|websocket|UNKNOWN|h3","NO_TUN","SYSTEM","","","","","","0","NO","20260731T075150Z-2e6968be"
"direct","yandex_market","Yandex Market","mandatory","market.yandex.ru","market.yandex.ru","PASS","Visual page, DOM and essential resource shell loaded","complete","2979","53","45","274","2","200","h2","261.6","h2|http/1.1|websocket","NO_TUN","SYSTEM","","","","","","0","NO","20260731T075245Z-ed989a6f"
"direct","vk","VK","mandatory","vk.com","m.vk.ru","PASS","Visual page, DOM and essential resource shell loaded","complete","242","1","1","191","8","301","h2","5.5","h2|http/1.1","NO_TUN","SYSTEM","","","","","","0","NO","20260731T075257Z-cefa4039"
"direct","mail","Mail.ru","mandatory","mail.ru","mail.ru","PASS","Visual page, DOM and essential resource shell loaded","complete","2581","16","16","166","6","200","h2","138.12","h2|UNKNOWN|http/1.1","NO_TUN","SYSTEM","","","","","","0","NO","20260731T075309Z-fc92741d"
"direct","ok","OK","mandatory","ok.ru","ok.ru","PASS","Visual page, DOM and essential resource shell loaded","complete","213","25","9","414","4","200","h2","254.21","h2|http/1.1|websocket|UNKNOWN|h3","NO_TUN","SYSTEM","","","","","","0","NO","20260731T075321Z-4b06589b"
"direct","dzen","Dzen","mandatory","dzen.ru","dzen.ru","PASS","Visual page, DOM and essential resource shell loaded","complete","5470","4","2","101","0","200","http/1.1","161.47","http/1.1|h2|websocket|UNKNOWN","NO_TUN","SYSTEM","","","","","","0","NO","20260731T075334Z-258b3546"
"direct","twogis","2GIS","mandatory","2gis.ru","2gis.ru","PASS","Visual page, DOM and essential resource shell loaded","complete","1251","3","3","103","3","200","h2","290.26","h2|h3|http/1.1|websocket","NO_TUN","SYSTEM","","","","","","0","NO","20260731T075346Z-e6a8facd"
"direct","rutube","Rutube","mandatory","rutube.ru","rutube.ru","PASS","Visual page, DOM and essential resource shell loaded","complete","13450","299","178","325","2","200","http/1.1","2126.31","http/1.1|h2|websocket","NO_TUN","SYSTEM","","","","","","0","NO","20260731T075358Z-c65c6368"
"direct","rustore","RuStore","mandatory","www.rustore.ru","www.rustore.ru","PASS","Visual page, DOM and essential resource shell loaded","complete","12057","419","98","170","2","200","h2","94.03","h2|http/1.1","NO_TUN","SYSTEM","","","","","","0","NO","20260731T075414Z-67d0a3b7"
"direct","rzd","RZD","mandatory","www.rzd.ru","www.rzd.ru","PASS","Visual page, DOM and essential resource shell loaded","complete","2871","11","11","79","0","200","http/1.1","413.32","http/1.1|h2|websocket","NO_TUN","SYSTEM","","","","","","0","NO","20260731T075426Z-87738b7a"
"direct","aeroflot","Aeroflot","mandatory","www.aeroflot.ru","www.aeroflot.ru","PASS","Visual page, DOM and essential resource shell loaded","complete","1593","7","7","103","7","200","h2","434.09","h2|http/1.1|websocket","NO_TUN","SYSTEM","","","","","","0","NO","20260731T075437Z-087c9031"
"direct","hh","HH","mandatory","hh.ru","penza.hh.ru","PASS","Visual page, DOM and essential resource shell loaded","complete","5172","37","33","203","0","302","h2","119.76","h2|http/1.1|websocket","NO_TUN","SYSTEM","","","","","","0","NO","20260731T075449Z-652fd710"
"direct","ria","RIA","mandatory","ria.ru","ria.ru","PASS","Visual page, DOM and essential resource shell loaded","complete","6148","44","40","237","2","200","h2","88.2","h2|http/1.1|websocket","NO_TUN","SYSTEM","","","","","","0","NO","20260731T075502Z-4c324fdb"
"direct","lenta","Lenta","mandatory","lenta.ru","lenta.ru","PASS","Visual page, DOM and essential resource shell loaded","complete","1593","108","6","222","15","200","h2","145.61","h2|http/1.1|websocket|UNKNOWN|h3","NO_TUN","SYSTEM","","","","","","0","NO","20260731T075513Z-394d3045"
"direct","ru_public_exit","RU public exit","diagnostic","2ip.ru","2ip.ru","PASS","Diagnostic page visually loaded with privacy redaction","complete","1345","3","3","74","3","200","h2","271.93","h2|UNKNOWN|http/1.1|websocket","NO_TUN","SYSTEM","","","","","","0","NO","20260731T075526Z-3596a07b"
"direct","global_public_exit","Global public exit","diagnostic","ipinfo.io","ipinfo.io","PASS","Diagnostic page visually loaded with privacy redaction","complete","7273","30","8","39","1","200","h2","3.35","h2|UNKNOWN|h3","NO_TUN","SYSTEM","","","","","","0","NO","20260731T075537Z-ef143f5a"
"direct","ipv6","IPv6","diagnostic","test-ipv6.com","test-ipv6.com","PASS","Diagnostic page visually loaded with privacy redaction","complete","1096","8","8","21","7","200","http/1.1","3.52","http/1.1|UNKNOWN","NO_TUN","SYSTEM","","","","","","0","NO","20260731T075548Z-ae635398"
"direct","dns_region","DNS region","diagnostic","browserleaks.com","browserleaks.com","PASS","Diagnostic page visually loaded with privacy redaction","complete","1082","7","7","59","25","200","h2","483.91","h2|http/1.1|UNKNOWN","NO_TUN","SYSTEM","","","","","","0","NO","20260731T075558Z-c37a3b29"
"direct","webrtc","WebRTC","diagnostic","browserleaks.com","browserleaks.com","PASS","Diagnostic page visually loaded with privacy redaction","complete","844","1","1","10","1","200","h2","504.94","h2|UNKNOWN","NO_TUN","SYSTEM","","","","","","0","NO","20260731T075608Z-81050eab"
"direct","browser_consistency","Timezone and language","diagnostic","browserleaks.com","browserleaks.com","PASS","Diagnostic page visually loaded with privacy redaction","complete","5566","0","0","9","0","200","h2","409.24","h2","NO_TUN","SYSTEM","","","","","","0","NO","20260731T075619Z-550164ee"
"direct","su_suffix",".su suffix route","diagnostic","ripn.su","ripn.su","PASS","Diagnostic page visually loaded with privacy redaction","complete","1651","24","11","64","1","200","h2","176.5","h2|http/1.1|UNKNOWN|websocket","NO_TUN","SYSTEM","","","","","","0","NO","20260731T075629Z-e49a7a42"
"direct","rf_suffix",".xn--p1ai suffix route","diagnostic","xn--80aa3ak5a.xn--p1ai","xn--80aa3ak5a.xn--p1ai","PASS","Diagnostic page visually loaded with privacy redaction","complete","7495","60","60","141","2","200","h2","186.45","h2|http/1.1|websocket","NO_TUN","SYSTEM","","","","","","0","NO","20260731T075641Z-1663b94f"
"russia","gosuslugi","Gosuslugi","mandatory","www.gosuslugi.ru","www.gosuslugi.ru","PASS","Visual page, DOM and essential resource shell loaded","complete","1296","46","46","182","12","200","h2","115.65","h2|http/1.1|UNKNOWN","DIRECT","DIRECT","route[8]:route","zapret-ru-domains","DIRECT","DIRECT","IPv4","1","NO","20260731T073503Z-414018c9"
"russia","esia","ESIA","mandatory","esia.gosuslugi.ru","esia.gosuslugi.ru","PASS","Visual page, DOM and essential resource shell loaded","complete","373","2","2","53","14","302","http/1.1","124.98","http/1.1|h3|UNKNOWN|h2","DIRECT","DIRECT","route[8]:route","zapret-ru-domains","DIRECT","DIRECT","IPv4","1","NO","20260731T073516Z-112b47f2"
"russia","goskey","Goskey public page","mandatory","goskey.ru","goskey.ru","PASS","Visual page, DOM and essential resource shell loaded","complete","925","5","5","21","4","200","http/1.1","250.53","http/1.1|h2|h3|UNKNOWN","DIRECT","DIRECT","route[8]:route","zapret-ru-domains","DIRECT","DIRECT","IPv4","1","NO","20260731T073527Z-2906f83b"
"russia","nalog","Nalog","mandatory","www.nalog.gov.ru","www.nalog.gov.ru","PASS","Visual page, DOM and essential resource shell loaded","complete","4294","39","39","103","5","301","h2","95.42","h2|UNKNOWN|http/1.1","DIRECT","DIRECT","route[8]:route","zapret-ru-domains","DIRECT","DIRECT","IPv4","1","NO","20260731T073537Z-03bf3167"
"russia","mos","Mos.ru","mandatory","www.mos.ru","www.mos.ru","PASS","Visual page, DOM and essential resource shell loaded","complete","4414","23","23","117","10","200","h2","148.68","h2|UNKNOWN|http/1.1","DIRECT","DIRECT","route[8]:route","zapret-ru-domains","DIRECT","DIRECT","IPv4","1","NO","20260731T073550Z-99c7a2a4"
"russia","cbr","Central Bank","mandatory","cbr.ru","cbr.ru","PASS","Visual page, DOM and essential resource shell loaded","complete","3827","18","18","75","1","200","h2","172.52","h2|UNKNOWN","DIRECT","DIRECT","route[8]:route","zapret-ru-domains","DIRECT","DIRECT","IPv4","1","NO","20260731T095308Z-a72d72a6"
"russia","sbp","SBP","mandatory","sbp.nspk.ru","sbp.nspk.ru","PASS","Visual page, DOM and essential resource shell loaded","complete","2265","55","10","143","1","200","h2","132.58","h2|UNKNOWN","DIRECT","DIRECT","route[8]:route","zapret-ru-domains","DIRECT","DIRECT","IPv4","1","NO","20260731T073613Z-aa6827f4"
"russia","sber","Sber","mandatory","www.sberbank.ru","www.sberbank.ru","PASS","Visual page, DOM and essential resource shell loaded","complete","3377","37","19","119","20","200","h2","156.19","h2|UNKNOWN|http/1.1","DIRECT","DIRECT","route[8]:route","zapret-ru-domains","DIRECT","DIRECT","IPv4","1","NO","20260731T073627Z-496f73b7"
"russia","tbank","T-Bank","mandatory","www.tbank.ru","www.tbank.ru","PASS","Visual page, DOM and essential resource shell loaded","complete","6576","184","174","432","24","200","h2","394.72","h2|UNKNOWN","DIRECT","DIRECT","route[8]:route","zapret-ru-domains","DIRECT","DIRECT","IPv4","1","NO","20260731T073638Z-4ade75c3"
"russia","alfa","Alfa-Bank","mandatory","alfabank.ru","chromewebdata","INCONCLUSIVE","Same Chrome TLS-chain failure as Direct and Global; not isolated to routing","complete","208","0","0","1","1","","UNKNOWN","","UNKNOWN","DIRECT","DIRECT","route[8]:route","zapret-ru-domains","DIRECT","DIRECT","IPv4","1","NO","20260731T073650Z-b8079834"
"russia","vtb","VTB","mandatory","www.vtb.ru","www.vtb.ru","PASS","Visual page, DOM and essential resource shell loaded","complete","3726","57","23","118","10","200","http/1.1","277.93","http/1.1|UNKNOWN|h2","DIRECT","DIRECT","route[8]:route","zapret-ru-domains","DIRECT","DIRECT|REMOTE","IPv4","1","NO","20260731T073700Z-eedf8310"
"russia","gazprombank","Gazprombank","mandatory","www.gazprombank.ru","www.gazprombank.ru","PASS","Visual page, DOM and essential resource shell loaded","complete","18430","107","107","395","10","200","h2","207.67","h2|UNKNOWN","DIRECT","DIRECT","route[8]:route","zapret-ru-domains","DIRECT","DIRECT|REMOTE","IPv4","1","NO","20260731T073712Z-9374c334"
"russia","raiffeisen","Raiffeisen","mandatory","www.raiffeisen.ru","www.raiffeisen.ru","PASS","Visual page, DOM and essential resource shell loaded","complete","2041","9","9","75","2","200","http/1.1","559.16","http/1.1|UNKNOWN|h2","DIRECT","DIRECT","route[8]:route","zapret-ru-domains","DIRECT","DIRECT","IPv4","1","NO","20260731T073727Z-71568363"
"russia","sovcombank","Sovcombank","mandatory","sovcombank.ru","sovcombank.ru","PASS","Visual page, DOM and essential resource shell loaded","complete","6467","66","63","89","10","401","h2","98.59","h2|UNKNOWN|http/1.1","DIRECT","DIRECT","route[8]:route","zapret-ru-domains","DIRECT","DIRECT","IPv4","1","NO","20260731T073740Z-b689f51d"
"russia","yandex","Yandex","mandatory","yandex.ru","dzen.ru","PASS","Visual page, DOM and essential resource shell loaded","complete","7091","4","1","140","21","302","h2","10.47","h2|http/1.1|UNKNOWN","DIRECT","DIRECT","route[6]:route","zeon-ru-yandex","DIRECT","DIRECT","IPv4","1","NO","20260731T073751Z-31990ff8"
"russia","yandex_search","Yandex Search","mandatory","yandex.ru","yandex.ru","PASS","Visual page, DOM and essential resource shell loaded","complete","3534","2","2","276","9","302","h2","221.42","h2|http/1.1|UNKNOWN","DIRECT","DIRECT","route[6]:route","zeon-ru-yandex","DIRECT","DIRECT","IPv4","1","NO","20260731T095323Z-c0580e40"
"russia","yandex_maps","Yandex Maps","mandatory","yandex.ru","yandex.ru","PASS","Visual page, DOM and essential resource shell loaded","complete","371","1","0","15","9","200","h2","1564.73","h2|UNKNOWN","DIRECT","DIRECT","route[6]:route","zeon-ru-yandex","DIRECT","DIRECT","IPv4","1","NO","20260731T073816Z-a95cf68e"
"russia","yandex_music","Yandex Music","mandatory","music.yandex.ru","music.yandex.ru","PASS","Visual page, DOM and essential resource shell loaded","complete","1217","16","16","226","10","200","h2","220.04","h2|UNKNOWN|http/1.1","DIRECT","DIRECT","route[6]:route","zeon-ru-yandex","DIRECT","DIRECT","IPv4","1","NO","20260731T073828Z-996e8509"
"russia","kinopoisk","Kinopoisk","mandatory","www.kinopoisk.ru","www.kinopoisk.ru","PASS","Visual page, DOM and essential resource shell loaded","complete","5361","133","64","168","9","302","h2","271.16","h2|http/1.1|UNKNOWN","DIRECT","DIRECT","route[8]:route","zapret-ru-domains","DIRECT","DIRECT","IPv4","1","NO","20260731T073841Z-5736b89e"
"russia","wildberries","Wildberries","mandatory","www.wildberries.ru","www.wildberries.ru","PASS WITH ANTI-BOT","Initial HTTP 498 observed; catalog, images and bootstrap then rendered","complete","8255","64","43","182","3","200","h3","98.44","h3|h2|UNKNOWN","DIRECT","DIRECT","route[7]:route","zeon-ru-wildberries","DIRECT","DIRECT","IPv4","1","NO","20260731T073904Z-32588b44"
"russia","ozon","Ozon","mandatory","www.ozon.ru","www.ozon.ru","PASS","Visual page, DOM and essential resource shell loaded","complete","1029","21","21","173","2","307","h2","125.11","h2|h3|UNKNOWN","DIRECT","DIRECT","route[8]:route","zapret-ru-domains","DIRECT","DIRECT|REMOTE","IPv4","1","NO","20260731T073916Z-84585384"
"russia","avito","Avito","mandatory","www.avito.ru","m.avito.ru","PASS","Visual page, DOM and essential resource shell loaded","complete","1829","26","26","215","59","301","h2","165.63","h2|UNKNOWN|http/1.1|h3","DIRECT","DIRECT","route[8]:route","zapret-ru-domains","DIRECT","DIRECT|REMOTE","IPv4","1","NO","20260731T073927Z-4ee3746c"
"russia","megamarket","Megamarket","mandatory","megamarket.ru","megamarket.ru","PASS WITH ANTI-BOT","Visual slider/picture anti-bot challenge; page shell rendered","complete","161","1","1","39","12","200","h2","124.75","h2|UNKNOWN","DIRECT","DIRECT","route[8]:route","zapret-ru-domains","DIRECT","DIRECT","IPv4","1","NO","20260731T073943Z-f16e7c54"
"russia","yandex_market","Yandex Market","mandatory","market.yandex.ru","market.yandex.ru","PASS","Visual page, DOM and essential resource shell loaded","complete","3195","62","54","282","4","200","h2","274.06","h2|UNKNOWN|http/1.1","DIRECT","DIRECT","route[6]:route","zeon-ru-yandex","DIRECT","DIRECT","IPv4","1","NO","20260731T073954Z-3429e4e1"
"russia","vk","VK","mandatory","vk.com","m.vk.ru","PASS","Visual page, DOM and essential resource shell loaded","complete","242","1","1","194","16","301","h2","111.24","h2|UNKNOWN","DIRECT","REMOTE","route[9]:route","zapret-ru-ip","DIRECT","REMOTE|DIRECT","IPv4","1","NO","20260731T074006Z-d53ee489"
"russia","mail","Mail.ru","mandatory","mail.ru","mail.ru","PASS","Visual page, DOM and essential resource shell loaded","complete","2346","6","1","55","24","200","h2","215.8","h2|UNKNOWN|http/1.1","DIRECT","DIRECT","route[8]:route","zapret-ru-domains","DIRECT","DIRECT","IPv4","1","NO","20260731T074019Z-21849934"
"russia","ok","OK","mandatory","ok.ru","ok.ru","PASS","Visual page, DOM and essential resource shell loaded","complete","256","17","1","378","9","200","h2","652.45","h2|UNKNOWN|http/1.1","DIRECT","DIRECT","route[8]:route","zapret-ru-domains","DIRECT","DIRECT","IPv4","1","NO","20260731T074032Z-0e2b4700"
"russia","dzen","Dzen","mandatory","dzen.ru","dzen.ru","PASS","Visual page, DOM and essential resource shell loaded","complete","4665","3","1","122","14","200","http/1.1","235.61","http/1.1|UNKNOWN|h2","DIRECT","DIRECT","route[8]:route","zapret-ru-domains","DIRECT","DIRECT","IPv4","1","NO","20260731T095338Z-9a014807"
"russia","twogis","2GIS","mandatory","2gis.ru","2gis.ru","PASS","Visual page, DOM and essential resource shell loaded","complete","1253","3","3","98","29","200","h2","292.62","h2|UNKNOWN","DIRECT","DIRECT","route[8]:route","zapret-ru-domains","DIRECT","DIRECT|REMOTE","IPv4","1","NO","20260731T074059Z-7746135e"
"russia","rutube","Rutube","mandatory","rutube.ru","rutube.ru","PASS","Visual page, DOM and essential resource shell loaded","complete","15836","484","215","271","24","200","h2","139.45","h2|UNKNOWN|http/1.1","DIRECT","DIRECT","route[8]:route","zapret-ru-domains","DIRECT","DIRECT","IPv4","1","NO","20260731T074112Z-a692684e"
"russia","rustore","RuStore","mandatory","www.rustore.ru","www.rustore.ru","PASS","Visual page, DOM and essential resource shell loaded","complete","12057","419","98","149","4","200","h2","190.48","h2|UNKNOWN|http/1.1","DIRECT","DIRECT","route[8]:route","zapret-ru-domains","DIRECT","DIRECT","IPv4","1","NO","20260731T074130Z-05de5e0b"
"russia","rzd","RZD","mandatory","www.rzd.ru","www.rzd.ru","PASS","Visual page, DOM and essential resource shell loaded","complete","2871","11","11","75","1","200","http/1.1","368.88","http/1.1|UNKNOWN","DIRECT","DIRECT","route[8]:route","zapret-ru-domains","DIRECT","DIRECT","IPv4","1","NO","20260731T074141Z-1ebf2289"
"russia","aeroflot","Aeroflot","mandatory","www.aeroflot.ru","www.aeroflot.ru","PASS","Visual page, DOM and essential resource shell loaded","complete","1583","7","6","98","12","503","h2","231.7","h2|UNKNOWN|websocket","DIRECT","DIRECT","route[8]:route","zapret-ru-domains","DIRECT","DIRECT","IPv4","1","NO","20260731T074154Z-5a4015a3"
"russia","hh","HH","mandatory","hh.ru","penza.hh.ru","PASS","Visual page, DOM and essential resource shell loaded","complete","4955","38","30","154","16","302","h2","111.24","h2|UNKNOWN|http/1.1","DIRECT","DIRECT","route[8]:route","zapret-ru-domains","DIRECT","DIRECT|REMOTE","IPv4","1","NO","20260731T074205Z-887cd523"
"russia","ria","RIA","mandatory","ria.ru","ria.ru","PASS","Visual page, DOM and essential resource shell loaded","complete","6088","44","40","220","19","200","h2","116.39","h2|UNKNOWN|http/1.1|websocket","DIRECT","DIRECT","route[8]:route","zapret-ru-domains","DIRECT","DIRECT","IPv4","1","NO","20260731T074221Z-d8fb7cd2"
"russia","lenta","Lenta","mandatory","lenta.ru","lenta.ru","PASS","Visual page, DOM and essential resource shell loaded","complete","1561","108","6","226","37","200","h2","88.98","h2|http/1.1|UNKNOWN","DIRECT","DIRECT","route[8]:route","zapret-ru-domains","DIRECT","DIRECT","IPv4","1","NO","20260731T074236Z-116aca8b"
"russia","ru_public_exit","RU public exit","diagnostic","2ip.ru","2ip.ru","PASS","Diagnostic page visually loaded with privacy redaction","complete","1398","3","3","29","6","200","h2","304.63","h2|UNKNOWN|h3","DIRECT","DIRECT","route[8]:route","zapret-ru-domains","DIRECT","DIRECT","IPv4","1","NO","20260731T102530Z-fac6dfaf"
"russia","global_public_exit","Global public exit","diagnostic","ipinfo.io","ipinfo.io","PASS","Diagnostic page visually loaded with privacy redaction","complete","6962","30","7","27","5","200","h2","5.86","h2|UNKNOWN","VPN","REMOTE","final","","VPN","REMOTE","IPv4|IPv6","1","NO","20260731T102546Z-23663933"
"russia","ipv6","IPv6","diagnostic","test-ipv6.com","test-ipv6.com","PASS","Diagnostic page visually loaded with privacy redaction","complete","1000","7","7","23","13","200","http/1.1","6.12","http/1.1|UNKNOWN","VPN","REMOTE","final","","VPN","REMOTE","IPv4|IPv6","1","NO","20260731T102604Z-194159ed"
"russia","dns_region","DNS region","diagnostic","browserleaks.com","browserleaks.com","PASS","Diagnostic page visually loaded with privacy redaction","complete","3663","90","90","60","0","200","h2","835.39","h2|http/1.1","VPN","REMOTE","final","","VPN","REMOTE","IPv4","1","NO","20260731T102618Z-8cdc17ed"
"russia","webrtc","WebRTC","diagnostic","browserleaks.com","browserleaks.com","PASS","Diagnostic page visually loaded with privacy redaction","complete","936","4","4","11","1","200","h2","575.82","h2|UNKNOWN","VPN","REMOTE","final","","VPN","REMOTE","IPv4","1","NO","20260731T102634Z-3087449f"
"russia","browser_consistency","Timezone and language","diagnostic","browserleaks.com","browserleaks.com","PASS","Diagnostic page visually loaded with privacy redaction","complete","5567","0","0","9","0","200","h2","575.72","h2","VPN","REMOTE","final","","VPN","REMOTE","IPv4","1","NO","20260731T102649Z-5d18295c"
"russia","su_suffix",".su suffix route","diagnostic","ripn.su","ripn.su","PASS","Diagnostic page visually loaded with privacy redaction","complete","1651","24","11","54","2","200","h2","143.59","h2|http/1.1|UNKNOWN","DIRECT","DIRECT","route[8]:route","zapret-ru-domains","DIRECT","DIRECT","IPv4","1","NO","20260731T074410Z-387e038c"
"russia","rf_suffix",".xn--p1ai suffix route","diagnostic","xn--80aa3ak5a.xn--p1ai","xn--80aa3ak5a.xn--p1ai","PASS","Diagnostic page visually loaded with privacy redaction","complete","7495","60","60","128","2","200","h2","170.27","h2|UNKNOWN|http/1.1","DIRECT","DIRECT","route[8]:route","zapret-ru-domains","DIRECT","DIRECT","IPv4","1","NO","20260731T074422Z-d107936c"
"global","gosuslugi","Gosuslugi","mandatory","www.gosuslugi.ru","www.gosuslugi.ru","VPN DETECTED","Visual page explicitly requests disabling VPN","complete","104","0","0","5","0","302","http/1.1","472.45","http/1.1|h2","VPN","REMOTE","final","","VPN","REMOTE","IPv4","1","NO","20260731T081103Z-321206c2"
"global","esia","ESIA","mandatory","esia.gosuslugi.ru","esia.gosuslugi.ru","VPN DETECTED","Visual page explicitly requests disabling VPN","complete","104","0","0","5","0","302","http/1.1","432.59","http/1.1|h2","VPN","REMOTE","final","","VPN","REMOTE","IPv4","1","NO","20260731T081117Z-f75adeeb"
"global","goskey","Goskey public page","mandatory","goskey.ru","goskey.ru","PASS","Visual page, DOM and essential resource shell loaded","complete","925","5","5","18","2","200","http/1.1","471.73","http/1.1|h2|UNKNOWN|h3","VPN","REMOTE","final","","VPN","REMOTE","IPv4","1","NO","20260731T081128Z-d1384d35"
"global","nalog","Nalog","mandatory","www.nalog.gov.ru","www.nalog.gov.ru","PASS","Visual page, DOM and essential resource shell loaded","complete","4294","40","40","108","9","301","h2","13.04","h2|UNKNOWN|http/1.1","VPN","REMOTE","final","","VPN","REMOTE","IPv4","1","NO","20260731T081138Z-77a7ef4d"
"global","mos","Mos.ru","mandatory","www.mos.ru","chromewebdata","INCONCLUSIVE","Visual ERR_TIMED_OUT through Global VPN","complete","157","0","0","2","2","","UNKNOWN","","UNKNOWN","VPN","REMOTE","final","","VPN","REMOTE","IPv4","1","NO","20260731T082924Z-67095a0d"
"global","cbr","Central Bank","mandatory","cbr.ru","cbr.ru","PASS","Visual page, DOM and essential resource shell loaded","complete","3827","18","18","78","3","200","h2","398.51","h2|UNKNOWN","VPN","REMOTE","final","","VPN","REMOTE","IPv4","1","NO","20260731T081357Z-f5a1a8b4"
"global","sbp","SBP","mandatory","sbp.nspk.ru","sbp.nspk.ru","PASS","Visual page, DOM and essential resource shell loaded","complete","2265","55","10","155","6","200","h2","10.26","h2|UNKNOWN","VPN","REMOTE","final","","VPN","REMOTE","IPv4","1","NO","20260731T081408Z-2991c33c"
"global","sber","Sber","mandatory","www.sberbank.ru","www.sberbank.ru","PASS","Visual page, DOM and essential resource shell loaded","complete","3375","38","19","181","73","200","h2","656.76","h2|UNKNOWN|http/1.1","VPN","REMOTE","final","","VPN","REMOTE","IPv4","1","NO","20260731T103508Z-4d9392ed"
"global","tbank","T-Bank","mandatory","www.tbank.ru","www.tbank.ru","PASS","Visual page, DOM and essential resource shell loaded","complete","6576","184","174","274","30","200","h2","1206.5","h2|UNKNOWN","VPN","REMOTE","final","","VPN","REMOTE","IPv4","1","NO","20260731T081429Z-45b5fe18"
"global","alfa","Alfa-Bank","mandatory","alfabank.ru","chromewebdata","INCONCLUSIVE","Same Chrome TLS-chain failure in Direct, Russia and Global","complete","208","0","0","1","1","","UNKNOWN","","UNKNOWN","VPN","REMOTE","final","","VPN","REMOTE","IPv4","1","NO","20260731T081443Z-158fea97"
"global","vtb","VTB","mandatory","www.vtb.ru","www.vtb.ru","PASS","Visual page, DOM and essential resource shell loaded","complete","3726","57","24","128","18","200","http/1.1","1043.35","http/1.1|h2|UNKNOWN","VPN","REMOTE","final","","VPN","REMOTE","IPv4","1","NO","20260731T081454Z-1a2b2675"
"global","gazprombank","Gazprombank","mandatory","www.gazprombank.ru","www.gazprombank.ru","PASS","Visual page, DOM and essential resource shell loaded","complete","18431","107","107","401","14","200","h2","808.12","h2|UNKNOWN|http/1.1","VPN","REMOTE","final","","VPN","REMOTE","IPv4","1","NO","20260731T081506Z-5c9901af"
"global","raiffeisen","Raiffeisen","mandatory","www.raiffeisen.ru","www.raiffeisen.ru","PASS","Visual page, DOM and essential resource shell loaded","complete","2041","9","9","76","4","200","http/1.1","997.19","http/1.1|h2|UNKNOWN","VPN","REMOTE","final","","VPN","REMOTE","IPv4","1","NO","20260731T081520Z-75e51a29"
"global","sovcombank","Sovcombank","mandatory","sovcombank.ru","sovcombank.ru","PASS","Visual page, DOM and essential resource shell loaded","complete","6467","66","63","89","13","200","h2","1095.3","h2|UNKNOWN|http/1.1","VPN","REMOTE","final","","VPN","REMOTE","IPv4","1","NO","20260731T081533Z-ec2620b3"
"global","yandex","Yandex","mandatory","yandex.ru","chromewebdata","TRANSPORT PASS / APPLICATION REJECTED","Visual ERR_CONNECTION_CLOSED through Global VPN","complete","154","0","0","3","2","302","h2","6.25","h2|UNKNOWN","VPN","REMOTE","final","","VPN","REMOTE","IPv6","1","NO","20260731T081544Z-51e8ab7d"
"global","yandex_search","Yandex Search","mandatory","yandex.ru","chromewebdata","TRANSPORT PASS / APPLICATION REJECTED","Visual ERR_CONNECTION_CLOSED through Global VPN","complete","156","0","0","2","2","","UNKNOWN","","UNKNOWN","VPN","REMOTE","final","","VPN","REMOTE","IPv6","1","NO","20260731T081557Z-1028caf3"
"global","yandex_maps","Yandex Maps","mandatory","yandex.ru","chromewebdata","TRANSPORT PASS / APPLICATION REJECTED","Visual ERR_CONNECTION_CLOSED through Global VPN","complete","156","0","0","2","2","","UNKNOWN","","UNKNOWN","VPN","REMOTE","final","","VPN","REMOTE","IPv6","1","NO","20260731T081610Z-7801f8f3"
"global","yandex_music","Yandex Music","mandatory","music.yandex.ru","chromewebdata","TRANSPORT PASS / APPLICATION REJECTED","Visual ERR_CONNECTION_CLOSED through Global VPN","complete","162","0","0","2","2","","UNKNOWN","","UNKNOWN","VPN","REMOTE","final","","VPN","REMOTE","IPv6","1","NO","20260731T081622Z-7b25c63f"
"global","kinopoisk","Kinopoisk","mandatory","www.kinopoisk.ru","chromewebdata","TRANSPORT PASS / APPLICATION REJECTED","Visual ERR_CONNECTION_CLOSED through Global VPN","complete","163","0","0","2","2","","UNKNOWN","","UNKNOWN","VPN","REMOTE","final","","VPN","REMOTE","IPv6","1","NO","20260731T081635Z-ec930e51"
"global","wildberries","Wildberries","mandatory","www.wildberries.ru","www.wildberries.ru","VPN DETECTED","Visual Wildberries VPN warning","complete","162","2","2","174","23","200","h3","702.06","h3|h2|http/1.1|UNKNOWN","VPN","REMOTE","final","","VPN","REMOTE","IPv4|IPv6","1","NO","20260731T081647Z-f906ff6f"
"global","ozon","Ozon","mandatory","www.ozon.ru","www.ozon.ru","VPN DETECTED","Visual Ozon proxy/VPN connection warning","complete","190","1","1","5","2","307","h3","917.38","h3|h2","VPN","REMOTE","final","","VPN","REMOTE","IPv4","1","NO","20260731T081659Z-94737696"
"global","avito","Avito","mandatory","www.avito.ru","m.avito.ru","PASS","Visual page, DOM and essential resource shell loaded","complete","1646","26","26","245","81","301","h2","833.27","h2|UNKNOWN|h3|http/1.1","VPN","REMOTE","final","","VPN","REMOTE","IPv4|IPv6","1","NO","20260731T081711Z-c482d792"
"global","megamarket","Megamarket","mandatory","megamarket.ru","megamarket.ru","PASS","Visual page, DOM and essential resource shell loaded","complete","1019","29","28","172","62","200","h2","896.18","h2|http/1.1|h3|UNKNOWN","VPN","REMOTE","final","","VPN","REMOTE","IPv4|IPv6","1","NO","20260731T081725Z-ceda5625"
"global","yandex_market","Yandex Market","mandatory","market.yandex.ru","chromewebdata","TRANSPORT PASS / APPLICATION REJECTED","Visual ERR_CONNECTION_CLOSED through Global VPN","complete","163","0","0","2","2","","UNKNOWN","","UNKNOWN","VPN","REMOTE","final","","VPN","REMOTE","IPv6","1","NO","20260731T081739Z-97269f47"
"global","vk","VK","mandatory","vk.com","m.vk.ru","PASS","Visual page, DOM and essential resource shell loaded","complete","242","1","1","186","18","301","h2","5.77","h2|UNKNOWN","VPN","REMOTE","final","","VPN","REMOTE","IPv4","1","NO","20260731T081751Z-cc54a842"
"global","mail","Mail.ru","mandatory","mail.ru","chromewebdata","TRANSPORT PASS / APPLICATION REJECTED","Visual ERR_CONNECTION_CLOSED through Global VPN","complete","154","0","0","2","2","","UNKNOWN","","UNKNOWN","VPN","REMOTE","final","","VPN","REMOTE","IPv6|IPv4","1","NO","20260731T081806Z-ac9ab343"
"global","ok","OK","mandatory","ok.ru","ok.ru","PASS","Visual page, DOM and essential resource shell loaded","complete","344","17","1","387","15","200","h2","911.25","h2|UNKNOWN|http/1.1|h3","VPN","REMOTE","final","","VPN","REMOTE","IPv4|IPv6","1","NO","20260731T081819Z-a2728a6b"
"global","dzen","Dzen","mandatory","dzen.ru","chromewebdata","TRANSPORT PASS / APPLICATION REJECTED","Visual ERR_CONNECTION_CLOSED through Global VPN","complete","154","0","0","2","2","","UNKNOWN","","UNKNOWN","VPN","REMOTE","final","","VPN","REMOTE","IPv6","1","NO","20260731T081831Z-27ffff6a"
"global","twogis","2GIS","mandatory","2gis.ru","2gis.ru","VPN DETECTED","Visual 2GIS VPN warning","complete","1243","3","3","117","48","200","h2","982.81","h2|UNKNOWN","VPN","REMOTE","final","","VPN","REMOTE","IPv4","1","NO","20260731T081844Z-e1b8eba6"
"global","rutube","Rutube","mandatory","rutube.ru","rutube.ru","PASS","Visual page, DOM and essential resource shell loaded","complete","9469","301","154","272","36","200","http/1.1","2507.16","http/1.1|h2|UNKNOWN","VPN","REMOTE","final","","VPN","REMOTE","IPv4|IPv6","1","NO","20260731T081856Z-293f5b67"
"global","rustore","RuStore","mandatory","www.rustore.ru","www.rustore.ru","PASS","Visual page, DOM and essential resource shell loaded","complete","12057","419","98","161","21","200","h2","874.04","h2|UNKNOWN|http/1.1","VPN","REMOTE","final","","VPN","REMOTE","IPv4|IPv6","1","NO","20260731T081913Z-47cdabd5"
"global","rzd","RZD","mandatory","www.rzd.ru","chromewebdata","INCONCLUSIVE","Visual ERR_TIMED_OUT through Global VPN","complete","157","0","0","2","2","","UNKNOWN","","UNKNOWN","VPN","REMOTE","final","","VPN","REMOTE","IPv4","1","NO","20260731T083030Z-93a65d80"
"global","aeroflot","Aeroflot","mandatory","www.aeroflot.ru","www.aeroflot.ru","FOREIGN GEO BLOCKED","Visual access restriction page through Global VPN","complete","310","1","0","3","1","200","h2","907.04","h2|UNKNOWN","VPN","REMOTE","final","","VPN","REMOTE","IPv4","1","NO","20260731T082119Z-de0b5e23"
"global","hh","HH","mandatory","hh.ru","hh.ru","PASS","Visual page, DOM and essential resource shell loaded","complete","4888","32","28","180","40","200","h2","4987.92","h2|UNKNOWN|http/1.1","VPN","REMOTE","final","","VPN","REMOTE","IPv4|IPv6","1","NO","20260731T082130Z-a3b09cdf"
"global","ria","RIA","mandatory","ria.ru","ria.ru","PASS","Visual page, DOM and essential resource shell loaded","complete","6087","44","36","183","44","200","h2","829.34","h2|UNKNOWN|http/1.1|websocket","VPN","REMOTE","final","","VPN","REMOTE","IPv6|IPv4","1","NO","20260731T082148Z-280e3c00"
"global","lenta","Lenta","mandatory","lenta.ru","lenta.ru","PASS","Visual page, DOM and essential resource shell loaded","complete","1494","107","5","251","69","200","h2","741.7","h2|http/1.1|UNKNOWN","VPN","REMOTE","final","","VPN","REMOTE","IPv6|IPv4","1","NO","20260731T082202Z-760fd8f2"
"global","ru_public_exit","RU public exit","diagnostic","2ip.ru","2ip.ru","PASS","Diagnostic page visually loaded with privacy redaction","complete","1411","3","3","33","7","503","h2","591.28","h2|UNKNOWN|h3","VPN","REMOTE","final","","VPN","REMOTE","IPv4","1","NO","20260731T103336Z-61e146e9"
"global","global_public_exit","Global public exit","diagnostic","ipinfo.io","ipinfo.io","PASS","Diagnostic page visually loaded with privacy redaction","complete","6962","30","6","27","6","200","h2","4.16","h2|UNKNOWN","VPN","REMOTE","final","","VPN","REMOTE","IPv4|IPv6","1","NO","20260731T103351Z-0cc4ea9a"
"global","ipv6","IPv6","diagnostic","test-ipv6.com","test-ipv6.com","PASS","Diagnostic page visually loaded with privacy redaction","complete","1000","7","7","23","13","200","http/1.1","4.41","http/1.1|UNKNOWN","VPN","REMOTE","final","","VPN","REMOTE","IPv4|IPv6","1","NO","20260731T103408Z-cafd000f"
"global","dns_region","DNS region","diagnostic","browserleaks.com","browserleaks.com","PASS","Diagnostic page visually loaded with privacy redaction","complete","3379","81","81","60","0","200","h2","898.22","h2|http/1.1","VPN","REMOTE","final","","VPN","REMOTE","IPv4","1","NO","20260731T103422Z-b549a4d6"
"global","webrtc","WebRTC","diagnostic","browserleaks.com","browserleaks.com","PASS","Diagnostic page visually loaded with privacy redaction","complete","936","4","4","11","1","200","h2","558.64","h2|UNKNOWN","VPN","REMOTE","final","","VPN","REMOTE","IPv4","1","NO","20260731T103437Z-45011c13"
"global","browser_consistency","Timezone and language","diagnostic","browserleaks.com","browserleaks.com","PASS","Diagnostic page visually loaded with privacy redaction","complete","5567","0","0","9","0","200","h2","611.24","h2","VPN","REMOTE","final","","VPN","REMOTE","IPv4","1","NO","20260731T103452Z-091a1fa9"
"global","su_suffix",".su suffix route","diagnostic","ripn.su","ripn.su","PASS","Diagnostic page visually loaded with privacy redaction","complete","1651","24","11","46","4","200","h2","732","h2|UNKNOWN|http/1.1","VPN","REMOTE","final","","VPN","REMOTE","IPv4|IPv6","1","NO","20260731T082318Z-13cfe096"
"global","rf_suffix",".xn--p1ai suffix route","diagnostic","xn--80aa3ak5a.xn--p1ai","xn--80aa3ak5a.xn--p1ai","PASS","Diagnostic page visually loaded with privacy redaction","complete","7495","60","60","136","9","200","h2","694.59","h2|http/1.1|UNKNOWN","VPN","REMOTE","final","","VPN","REMOTE","IPv4","1","NO","20260731T082333Z-0729ed3a"
