"service","hostname","resourceCategory","cname","routeBefore","browserFailureBefore","routeAfter","browserResultAfter","ruleChange"
"VTB","vk.com","BROWSER_RESOURCE","NOT_EXPOSED_BY_CDP","RU_IP_MATCH_REQUIRED","NONE_OBSERVED","DIRECT/REMOTE","LOADED_OR_NON_FATAL_RESOURCE","NO_SERVICE_RULE_CHANGE; ZAPRET_RU_IP_MATCHED"
"Gazprombank","vk.com","BROWSER_RESOURCE","NOT_EXPOSED_BY_CDP","RU_IP_MATCH_REQUIRED","NONE_OBSERVED","DIRECT/REMOTE","LOADED_OR_NON_FATAL_RESOURCE","NO_SERVICE_RULE_CHANGE; ZAPRET_RU_IP_MATCHED"
"Ozon","cdn1.ozonusercontent.com","BROWSER_RESOURCE","NOT_EXPOSED_BY_CDP","RU_IP_MATCH_REQUIRED","NONE_OBSERVED","DIRECT/REMOTE","LOADED_OR_NON_FATAL_RESOURCE","NO_SERVICE_RULE_CHANGE; ZAPRET_RU_IP_MATCHED"
"Ozon","cdn1.ozonusercontent.com","BROWSER_RESOURCE","NOT_EXPOSED_BY_CDP","RU_IP_MATCH_REQUIRED","NONE_OBSERVED","DIRECT/REMOTE","LOADED_OR_NON_FATAL_RESOURCE","NO_SERVICE_RULE_CHANGE; ZAPRET_RU_IP_MATCHED"
"Avito","www.avito.st","BROWSER_RESOURCE","NOT_EXPOSED_BY_CDP","RU_IP_MATCH_REQUIRED","NONE_OBSERVED","DIRECT/REMOTE","LOADED_OR_NON_FATAL_RESOURCE","NO_SERVICE_RULE_CHANGE; ZAPRET_RU_IP_MATCHED"
"Avito","90.img.avito.st","BROWSER_RESOURCE","NOT_EXPOSED_BY_CDP","RU_IP_MATCH_REQUIRED","NONE_OBSERVED","DIRECT/REMOTE","LOADED_OR_NON_FATAL_RESOURCE","NO_SERVICE_RULE_CHANGE; ZAPRET_RU_IP_MATCHED"
"Avito","avito.st","BROWSER_RESOURCE","NOT_EXPOSED_BY_CDP","RU_IP_MATCH_REQUIRED","NONE_OBSERVED","DIRECT/REMOTE","LOADED_OR_NON_FATAL_RESOURCE","NO_SERVICE_RULE_CHANGE; ZAPRET_RU_IP_MATCHED"
"Avito","00.img.avito.st","BROWSER_RESOURCE","NOT_EXPOSED_BY_CDP","RU_IP_MATCH_REQUIRED","NONE_OBSERVED","DIRECT/REMOTE","LOADED_OR_NON_FATAL_RESOURCE","NO_SERVICE_RULE_CHANGE; ZAPRET_RU_IP_MATCHED"
"Avito","90.img.avito.st","BROWSER_RESOURCE","NOT_EXPOSED_BY_CDP","RU_IP_MATCH_REQUIRED","NONE_OBSERVED","DIRECT/REMOTE","LOADED_OR_NON_FATAL_RESOURCE","NO_SERVICE_RULE_CHANGE; ZAPRET_RU_IP_MATCHED"
"Avito","60.img.avito.st","BROWSER_RESOURCE","NOT_EXPOSED_BY_CDP","RU_IP_MATCH_REQUIRED","NONE_OBSERVED","DIRECT/REMOTE","LOADED_OR_NON_FATAL_RESOURCE","NO_SERVICE_RULE_CHANGE; ZAPRET_RU_IP_MATCHED"
"Avito","80.img.avito.st","BROWSER_RESOURCE","NOT_EXPOSED_BY_CDP","RU_IP_MATCH_REQUIRED","NONE_OBSERVED","DIRECT/REMOTE","LOADED_OR_NON_FATAL_RESOURCE","NO_SERVICE_RULE_CHANGE; ZAPRET_RU_IP_MATCHED"
"Avito","70.img.avito.st","BROWSER_RESOURCE","NOT_EXPOSED_BY_CDP","RU_IP_MATCH_REQUIRED","NONE_OBSERVED","DIRECT/REMOTE","LOADED_OR_NON_FATAL_RESOURCE","NO_SERVICE_RULE_CHANGE; ZAPRET_RU_IP_MATCHED"
"Avito","40.img.avito.st","BROWSER_RESOURCE","NOT_EXPOSED_BY_CDP","RU_IP_MATCH_REQUIRED","NONE_OBSERVED","DIRECT/REMOTE","LOADED_OR_NON_FATAL_RESOURCE","NO_SERVICE_RULE_CHANGE; ZAPRET_RU_IP_MATCHED"
"Avito","30.img.avito.st","BROWSER_RESOURCE","NOT_EXPOSED_BY_CDP","RU_IP_MATCH_REQUIRED","NONE_OBSERVED","DIRECT/REMOTE","LOADED_OR_NON_FATAL_RESOURCE","NO_SERVICE_RULE_CHANGE; ZAPRET_RU_IP_MATCHED"
"Avito","20.img.avito.st","BROWSER_RESOURCE","NOT_EXPOSED_BY_CDP","RU_IP_MATCH_REQUIRED","NONE_OBSERVED","DIRECT/REMOTE","LOADED_OR_NON_FATAL_RESOURCE","NO_SERVICE_RULE_CHANGE; ZAPRET_RU_IP_MATCHED"
"VK","vk.com","BROWSER_RESOURCE","NOT_EXPOSED_BY_CDP","RU_IP_MATCH_REQUIRED","NONE_OBSERVED","DIRECT/REMOTE","LOADED_OR_NON_FATAL_RESOURCE","NO_SERVICE_RULE_CHANGE; ZAPRET_RU_IP_MATCHED"
"VK","ads.vk.com","BROWSER_RESOURCE","NOT_EXPOSED_BY_CDP","RU_IP_MATCH_REQUIRED","NONE_OBSERVED","DIRECT/REMOTE","LOADED_OR_NON_FATAL_RESOURCE","NO_SERVICE_RULE_CHANGE; ZAPRET_RU_IP_MATCHED"
"VK","st.mycdn.me","BROWSER_RESOURCE","NOT_EXPOSED_BY_CDP","RU_IP_MATCH_REQUIRED","NONE_OBSERVED","DIRECT/REMOTE","LOADED_OR_NON_FATAL_RESOURCE","NO_SERVICE_RULE_CHANGE; ZAPRET_RU_IP_MATCHED"
"2GIS","tile0.maps.2gis.com","BROWSER_RESOURCE","NOT_EXPOSED_BY_CDP","RU_IP_MATCH_REQUIRED","NONE_OBSERVED","DIRECT/REMOTE","LOADED_OR_NON_FATAL_RESOURCE","NO_SERVICE_RULE_CHANGE; ZAPRET_RU_IP_MATCHED"
"2GIS","mapgl.2gis.com","BROWSER_RESOURCE","NOT_EXPOSED_BY_CDP","RU_IP_MATCH_REQUIRED","NONE_OBSERVED","DIRECT/REMOTE","LOADED_OR_NON_FATAL_RESOURCE","NO_SERVICE_RULE_CHANGE; ZAPRET_RU_IP_MATCHED"
"2GIS","keys.api.2gis.com","BROWSER_RESOURCE","NOT_EXPOSED_BY_CDP","RU_IP_MATCH_REQUIRED","NONE_OBSERVED","DIRECT/REMOTE","LOADED_OR_NON_FATAL_RESOURCE","NO_SERVICE_RULE_CHANGE; ZAPRET_RU_IP_MATCHED"
"2GIS","ams2-cdn.2gis.com","BROWSER_RESOURCE","NOT_EXPOSED_BY_CDP","RU_IP_MATCH_REQUIRED","NONE_OBSERVED","DIRECT/REMOTE","LOADED_OR_NON_FATAL_RESOURCE","NO_SERVICE_RULE_CHANGE; ZAPRET_RU_IP_MATCHED"
"2GIS","jam.api.2gis.com","BROWSER_RESOURCE","NOT_EXPOSED_BY_CDP","RU_IP_MATCH_REQUIRED","NONE_OBSERVED","DIRECT/REMOTE","LOADED_OR_NON_FATAL_RESOURCE","NO_SERVICE_RULE_CHANGE; ZAPRET_RU_IP_MATCHED"
"2GIS","tile3.maps.2gis.com","BROWSER_RESOURCE","NOT_EXPOSED_BY_CDP","RU_IP_MATCH_REQUIRED","NONE_OBSERVED","DIRECT/REMOTE","LOADED_OR_NON_FATAL_RESOURCE","NO_SERVICE_RULE_CHANGE; ZAPRET_RU_IP_MATCHED"
"2GIS","disk.2gis.com","BROWSER_RESOURCE","NOT_EXPOSED_BY_CDP","RU_IP_MATCH_REQUIRED","NONE_OBSERVED","DIRECT/REMOTE","LOADED_OR_NON_FATAL_RESOURCE","NO_SERVICE_RULE_CHANGE; ZAPRET_RU_IP_MATCHED"
"2GIS","ams2-cdn.2gis.com","BROWSER_RESOURCE","NOT_EXPOSED_BY_CDP","RU_IP_MATCH_REQUIRED","NONE_OBSERVED","DIRECT/REMOTE","LOADED_OR_NON_FATAL_RESOURCE","NO_SERVICE_RULE_CHANGE; ZAPRET_RU_IP_MATCHED"
"2GIS","disk.2gis.com","BROWSER_RESOURCE","NOT_EXPOSED_BY_CDP","RU_IP_MATCH_REQUIRED","NONE_OBSERVED","DIRECT/REMOTE","LOADED_OR_NON_FATAL_RESOURCE","NO_SERVICE_RULE_CHANGE; ZAPRET_RU_IP_MATCHED"
"HH","vk.com","BROWSER_RESOURCE","NOT_EXPOSED_BY_CDP","RU_IP_MATCH_REQUIRED","NONE_OBSERVED","DIRECT/REMOTE","LOADED_OR_NON_FATAL_RESOURCE","NO_SERVICE_RULE_CHANGE; ZAPRET_RU_IP_MATCHED"
