"elapsed_ms","outbound_id"
"6","a8ebafd4d5e6e4d1"
"585","a8ebafd4d5e6e4d1"
"1029","a8ebafd4d5e6e4d1"
"1470","a8ebafd4d5e6e4d1"
"1912","a8ebafd4d5e6e4d1"
"2355","a8ebafd4d5e6e4d1"
"2797","a8ebafd4d5e6e4d1"
"3225","a8ebafd4d5e6e4d1"
"3666","a8ebafd4d5e6e4d1"
"4125","a8ebafd4d5e6e4d1"
"4566","a8ebafd4d5e6e4d1"
"5024","a8ebafd4d5e6e4d1"
"5468","a8ebafd4d5e6e4d1"
"5942","a8ebafd4d5e6e4d1"
"6383","a8ebafd4d5e6e4d1"
"6824","a8ebafd4d5e6e4d1"
"7265","a8ebafd4d5e6e4d1"
"7705","a8ebafd4d5e6e4d1"
"8149","a8ebafd4d5e6e4d1"
"8591","a8ebafd4d5e6e4d1"
"9034","a8ebafd4d5e6e4d1"
"9476","a8ebafd4d5e6e4d1"
"9919","a8ebafd4d5e6e4d1"
"10363","a8ebafd4d5e6e4d1"
"10804","a8ebafd4d5e6e4d1"
"11247","a8ebafd4d5e6e4d1"
"11689","a8ebafd4d5e6e4d1"
"12145","a8ebafd4d5e6e4d1"
"12588","a8ebafd4d5e6e4d1"
"13033","a8ebafd4d5e6e4d1"
"13474","a8ebafd4d5e6e4d1"
"13917","a8ebafd4d5e6e4d1"
"14369","a8ebafd4d5e6e4d1"
"14827","a8ebafd4d5e6e4d1"
"15267","a8ebafd4d5e6e4d1"
"15710","a8ebafd4d5e6e4d1"
"16169","a8ebafd4d5e6e4d1"
"16611","a8ebafd4d5e6e4d1"
"17055","a8ebafd4d5e6e4d1"
"17500","a8ebafd4d5e6e4d1"
"17944","a8ebafd4d5e6e4d1"
"18387","a8ebafd4d5e6e4d1"
"18828","a8ebafd4d5e6e4d1"
"19272","a8ebafd4d5e6e4d1"
"19732","a8ebafd4d5e6e4d1"
"20174","a8ebafd4d5e6e4d1"
"20617","a8ebafd4d5e6e4d1"
"21059","a8ebafd4d5e6e4d1"
"21503","a8ebafd4d5e6e4d1"
"21946","a8ebafd4d5e6e4d1"
"22404","a8ebafd4d5e6e4d1"
"22859","a8ebafd4d5e6e4d1"
"23297","a8ebafd4d5e6e4d1"
"23739","a8ebafd4d5e6e4d1"
"24185","a8ebafd4d5e6e4d1"
"24627","a8ebafd4d5e6e4d1"
"25073","a8ebafd4d5e6e4d1"
"25516","a8ebafd4d5e6e4d1"
"25944","a8ebafd4d5e6e4d1"
"26388","a8ebafd4d5e6e4d1"
"26831","a8ebafd4d5e6e4d1"
"27275","a8ebafd4d5e6e4d1"
"27703","a8ebafd4d5e6e4d1"
"28149","a8ebafd4d5e6e4d1"
"28591","a8ebafd4d5e6e4d1"
"29033","a8ebafd4d5e6e4d1"
"29476","a8ebafd4d5e6e4d1"
"29936","a8ebafd4d5e6e4d1"
"30519","a8ebafd4d5e6e4d1"
"30962","a8ebafd4d5e6e4d1"
"31422","a8ebafd4d5e6e4d1"
"31880","a8ebafd4d5e6e4d1"
"32324","a8ebafd4d5e6e4d1"
"32768","a8ebafd4d5e6e4d1"
"33212","a8ebafd4d5e6e4d1"
"33641","a8ebafd4d5e6e4d1"
"34084","a8ebafd4d5e6e4d1"
"34527","a8ebafd4d5e6e4d1"
"34956","a8ebafd4d5e6e4d1"
"35393","a8ebafd4d5e6e4d1"
"35837","a8ebafd4d5e6e4d1"
"36280","a8ebafd4d5e6e4d1"
"36720","a8ebafd4d5e6e4d1"
"37162","a8ebafd4d5e6e4d1"
"37606","a8ebafd4d5e6e4d1"
"38049","a8ebafd4d5e6e4d1"
"38492","a8ebafd4d5e6e4d1"
"38935","a8ebafd4d5e6e4d1"
"39364","a8ebafd4d5e6e4d1"
"39804","a8ebafd4d5e6e4d1"
"40246","a8ebafd4d5e6e4d1"
"40691","a8ebafd4d5e6e4d1"
"41134","a8ebafd4d5e6e4d1"
"41579","a8ebafd4d5e6e4d1"
"42020","a8ebafd4d5e6e4d1"
"42458","a8ebafd4d5e6e4d1"
"42913","a8ebafd4d5e6e4d1"
"43356","a8ebafd4d5e6e4d1"
"43800","a8ebafd4d5e6e4d1"
"44226","a8ebafd4d5e6e4d1"
"44667","a8ebafd4d5e6e4d1"
"45126","a8ebafd4d5e6e4d1"
"45555","a8ebafd4d5e6e4d1"
"45998","a8ebafd4d5e6e4d1"
"46441","a8ebafd4d5e6e4d1"
"46885","a8ebafd4d5e6e4d1"
"47331","a8ebafd4d5e6e4d1"
"47772","a8ebafd4d5e6e4d1"
"48215","a8ebafd4d5e6e4d1"
"48660","a8ebafd4d5e6e4d1"
"49106","a8ebafd4d5e6e4d1"
"49549","a8ebafd4d5e6e4d1"
"49989","a8ebafd4d5e6e4d1"
"50434","a8ebafd4d5e6e4d1"
"50872","a8ebafd4d5e6e4d1"
"51325","a8ebafd4d5e6e4d1"
"51766","a8ebafd4d5e6e4d1"
"52204","a8ebafd4d5e6e4d1"
"52629","a8ebafd4d5e6e4d1"
"53082","a8ebafd4d5e6e4d1"
"53528","a8ebafd4d5e6e4d1"
"53983","a8ebafd4d5e6e4d1"
"54428","a8ebafd4d5e6e4d1"
"54871","a8ebafd4d5e6e4d1"
"55325","a8ebafd4d5e6e4d1"
"55768","a8ebafd4d5e6e4d1"
"56214","a8ebafd4d5e6e4d1"
"56642","a8ebafd4d5e6e4d1"
"57070","a8ebafd4d5e6e4d1"
"57512","a8ebafd4d5e6e4d1"
"57955","a8ebafd4d5e6e4d1"
"58394","a8ebafd4d5e6e4d1"
"58838","a8ebafd4d5e6e4d1"
"59294","a8ebafd4d5e6e4d1"
"59736","a8ebafd4d5e6e4d1"
"60162","a8ebafd4d5e6e4d1"
"60763","a8ebafd4d5e6e4d1"
"61206","a8ebafd4d5e6e4d1"
"61651","a8ebafd4d5e6e4d1"
"62091","a8ebafd4d5e6e4d1"
"62535","a8ebafd4d5e6e4d1"
"62980","a8ebafd4d5e6e4d1"
"63426","a8ebafd4d5e6e4d1"
"63867","a8ebafd4d5e6e4d1"
"64326","a8ebafd4d5e6e4d1"
"64769","a8ebafd4d5e6e4d1"
"65226","a8ebafd4d5e6e4d1"
"65669","a8ebafd4d5e6e4d1"
"66112","a8ebafd4d5e6e4d1"
"66554","a8ebafd4d5e6e4d1"
"67010","a8ebafd4d5e6e4d1"
"67468","a8ebafd4d5e6e4d1"
"67908","a8ebafd4d5e6e4d1"
"68349","a8ebafd4d5e6e4d1"
"68793","a8ebafd4d5e6e4d1"
"69220","a8ebafd4d5e6e4d1"
"69665","a8ebafd4d5e6e4d1"
"70124","a8ebafd4d5e6e4d1"
"70569","a8ebafd4d5e6e4d1"
"71026","a8ebafd4d5e6e4d1"
"71467","a8ebafd4d5e6e4d1"
"71909","a8ebafd4d5e6e4d1"
"72349","a8ebafd4d5e6e4d1"
"72790","a8ebafd4d5e6e4d1"
"73231","a8ebafd4d5e6e4d1"
"73674","a8ebafd4d5e6e4d1"
"74116","a8ebafd4d5e6e4d1"
"74574","a8ebafd4d5e6e4d1"
"75019","a8ebafd4d5e6e4d1"
"75462","a8ebafd4d5e6e4d1"
"75904","a8ebafd4d5e6e4d1"
"76347","a8ebafd4d5e6e4d1"
"76808","a8ebafd4d5e6e4d1"
"77250","a8ebafd4d5e6e4d1"
"77690","a8ebafd4d5e6e4d1"
"78133","a8ebafd4d5e6e4d1"
"78592","a8ebafd4d5e6e4d1"
"79032","a8ebafd4d5e6e4d1"
"79475","a8ebafd4d5e6e4d1"
"79933","a8ebafd4d5e6e4d1"
"80374","a8ebafd4d5e6e4d1"
"80816","a8ebafd4d5e6e4d1"
"81252","a8ebafd4d5e6e4d1"
"81694","a8ebafd4d5e6e4d1"
"82139","a8ebafd4d5e6e4d1"
"82594","a8ebafd4d5e6e4d1"
"83035","a8ebafd4d5e6e4d1"
"83477","a8ebafd4d5e6e4d1"
"83918","a8ebafd4d5e6e4d1"
"84358","a8ebafd4d5e6e4d1"
"84798","a8ebafd4d5e6e4d1"
"85242","a8ebafd4d5e6e4d1"
"85682","a8ebafd4d5e6e4d1"
"86124","a8ebafd4d5e6e4d1"
"86567","a8ebafd4d5e6e4d1"
"87006","a8ebafd4d5e6e4d1"
"87446","a8ebafd4d5e6e4d1"
"87903","a8ebafd4d5e6e4d1"
"88347","a8ebafd4d5e6e4d1"
"88790","a8ebafd4d5e6e4d1"
"89231","a8ebafd4d5e6e4d1"
"89686","a8ebafd4d5e6e4d1"
"90125","a8ebafd4d5e6e4d1"
"90710","a8ebafd4d5e6e4d1"
"91153","a8ebafd4d5e6e4d1"
"91594","a8ebafd4d5e6e4d1"
"92037","a8ebafd4d5e6e4d1"
"92481","a8ebafd4d5e6e4d1"
"92921","a8ebafd4d5e6e4d1"
"93365","a8ebafd4d5e6e4d1"
"93825","a8ebafd4d5e6e4d1"
"94268","a8ebafd4d5e6e4d1"
"94709","a8ebafd4d5e6e4d1"
"95152","a8ebafd4d5e6e4d1"
"95612","a8ebafd4d5e6e4d1"
"96056","a8ebafd4d5e6e4d1"
"96500","a8ebafd4d5e6e4d1"
"96929","a8ebafd4d5e6e4d1"
"97389","a8ebafd4d5e6e4d1"
"97831","a8ebafd4d5e6e4d1"
"98272","a8ebafd4d5e6e4d1"
"98713","a8ebafd4d5e6e4d1"
"99158","a8ebafd4d5e6e4d1"
"99603","a8ebafd4d5e6e4d1"
"100061","a8ebafd4d5e6e4d1"
"100504","a8ebafd4d5e6e4d1"
"100946","a8ebafd4d5e6e4d1"
"101390","a8ebafd4d5e6e4d1"
"101832","a8ebafd4d5e6e4d1"
"102275","a8ebafd4d5e6e4d1"
"102716","a8ebafd4d5e6e4d1"
"103160","a8ebafd4d5e6e4d1"
"103618","a8ebafd4d5e6e4d1"
"104078","a8ebafd4d5e6e4d1"
"104519","a8ebafd4d5e6e4d1"
"104962","a8ebafd4d5e6e4d1"
"105419","a8ebafd4d5e6e4d1"
"105862","a8ebafd4d5e6e4d1"
"106301","a8ebafd4d5e6e4d1"
"106743","a8ebafd4d5e6e4d1"
"107186","a8ebafd4d5e6e4d1"
"107628","a8ebafd4d5e6e4d1"
"108082","a8ebafd4d5e6e4d1"
"108522","a8ebafd4d5e6e4d1"
"108965","a8ebafd4d5e6e4d1"
"109406","a8ebafd4d5e6e4d1"
"109863","a8ebafd4d5e6e4d1"
"110304","a8ebafd4d5e6e4d1"
"110747","a8ebafd4d5e6e4d1"
"111176","a8ebafd4d5e6e4d1"
"111618","a8ebafd4d5e6e4d1"
"112059","a8ebafd4d5e6e4d1"
"112501","a8ebafd4d5e6e4d1"
"112957","a8ebafd4d5e6e4d1"
"113400","a8ebafd4d5e6e4d1"
"113841","a8ebafd4d5e6e4d1"
"114284","a8ebafd4d5e6e4d1"
"114726","a8ebafd4d5e6e4d1"
"115171","a8ebafd4d5e6e4d1"
"115614","a8ebafd4d5e6e4d1"
"116071","a8ebafd4d5e6e4d1"
"116513","a8ebafd4d5e6e4d1"
"116954","a8ebafd4d5e6e4d1"
"117396","a8ebafd4d5e6e4d1"
"117836","a8ebafd4d5e6e4d1"
"118277","a8ebafd4d5e6e4d1"
"118720","a8ebafd4d5e6e4d1"
"119162","a8ebafd4d5e6e4d1"
"119621","a8ebafd4d5e6e4d1"
"120064","a8ebafd4d5e6e4d1"
"120664","a8ebafd4d5e6e4d1"
"121103","a8ebafd4d5e6e4d1"
"121545","a8ebafd4d5e6e4d1"
"121972","a8ebafd4d5e6e4d1"
"122413","a8ebafd4d5e6e4d1"
"122873","a8ebafd4d5e6e4d1"
"123328","a8ebafd4d5e6e4d1"
"123767","a8ebafd4d5e6e4d1"
"124206","a8ebafd4d5e6e4d1"
"124630","a8ebafd4d5e6e4d1"
"125071","a8ebafd4d5e6e4d1"
"125525","a8ebafd4d5e6e4d1"
"125981","a8ebafd4d5e6e4d1"
"126408","a8ebafd4d5e6e4d1"
"126853","a8ebafd4d5e6e4d1"
"127282","a8ebafd4d5e6e4d1"
"127724","a8ebafd4d5e6e4d1"
"128169","a8ebafd4d5e6e4d1"
"128611","a8ebafd4d5e6e4d1"
"129055","a8ebafd4d5e6e4d1"
"129499","a8ebafd4d5e6e4d1"
"129958","a8ebafd4d5e6e4d1"
"130401","a8ebafd4d5e6e4d1"
"130845","a8ebafd4d5e6e4d1"
"131286","a8ebafd4d5e6e4d1"
"131728","a8ebafd4d5e6e4d1"
"132158","a8ebafd4d5e6e4d1"
"132601","a8ebafd4d5e6e4d1"
"133043","a8ebafd4d5e6e4d1"
"133487","a8ebafd4d5e6e4d1"
"133916","a8ebafd4d5e6e4d1"
"134345","a8ebafd4d5e6e4d1"
"134790","a8ebafd4d5e6e4d1"
"135250","a8ebafd4d5e6e4d1"
"135691","a8ebafd4d5e6e4d1"
"136134","a8ebafd4d5e6e4d1"
"136591","a8ebafd4d5e6e4d1"
"137050","a8ebafd4d5e6e4d1"
"137510","a8ebafd4d5e6e4d1"
"137983","a8ebafd4d5e6e4d1"
"138440","a8ebafd4d5e6e4d1"
"138883","a8ebafd4d5e6e4d1"
"139342","a8ebafd4d5e6e4d1"
"139785","a8ebafd4d5e6e4d1"
"140244","a8ebafd4d5e6e4d1"
"140688","a8ebafd4d5e6e4d1"
"141132","a8ebafd4d5e6e4d1"
"141592","a8ebafd4d5e6e4d1"
"142051","a8ebafd4d5e6e4d1"
"142492","a8ebafd4d5e6e4d1"
"142951","a8ebafd4d5e6e4d1"
"143410","a8ebafd4d5e6e4d1"
"143854","a8ebafd4d5e6e4d1"
"144299","a8ebafd4d5e6e4d1"
"144740","a8ebafd4d5e6e4d1"
"145197","a8ebafd4d5e6e4d1"
"145670","a8ebafd4d5e6e4d1"
"146111","a8ebafd4d5e6e4d1"
"146566","a8ebafd4d5e6e4d1"
"147010","a8ebafd4d5e6e4d1"
"147468","a8ebafd4d5e6e4d1"
"147928","a8ebafd4d5e6e4d1"
"148373","a8ebafd4d5e6e4d1"
"148816","a8ebafd4d5e6e4d1"
"149256","a8ebafd4d5e6e4d1"
"149698","a8ebafd4d5e6e4d1"
"150142","a8ebafd4d5e6e4d1"
"150727","a8ebafd4d5e6e4d1"
"151166","a8ebafd4d5e6e4d1"
"151640","a8ebafd4d5e6e4d1"
"152082","a8ebafd4d5e6e4d1"
"152535","a8ebafd4d5e6e4d1"
"152995","a8ebafd4d5e6e4d1"
"153455","a8ebafd4d5e6e4d1"
"153897","a8ebafd4d5e6e4d1"
"154341","a8ebafd4d5e6e4d1"
"154782","a8ebafd4d5e6e4d1"
"155244","a8ebafd4d5e6e4d1"
"155699","a8ebafd4d5e6e4d1"
"156157","a8ebafd4d5e6e4d1"
"156615","a8ebafd4d5e6e4d1"
"157074","a8ebafd4d5e6e4d1"
"157529","a8ebafd4d5e6e4d1"
"157973","a8ebafd4d5e6e4d1"
"158417","a8ebafd4d5e6e4d1"
"158861","a8ebafd4d5e6e4d1"
"159329","a8ebafd4d5e6e4d1"
"159770","a8ebafd4d5e6e4d1"
"160210","a8ebafd4d5e6e4d1"
"160654","a8ebafd4d5e6e4d1"
"161114","a8ebafd4d5e6e4d1"
"161559","a8ebafd4d5e6e4d1"
"162001","a8ebafd4d5e6e4d1"
"162444","a8ebafd4d5e6e4d1"
"162888","a8ebafd4d5e6e4d1"
"163345","a8ebafd4d5e6e4d1"
"163784","a8ebafd4d5e6e4d1"
"164239","a8ebafd4d5e6e4d1"
"164681","a8ebafd4d5e6e4d1"
"165126","a8ebafd4d5e6e4d1"
"165584","a8ebafd4d5e6e4d1"
"166044","a8ebafd4d5e6e4d1"
"166485","a8ebafd4d5e6e4d1"
"166927","a8ebafd4d5e6e4d1"
"167369","a8ebafd4d5e6e4d1"
"167814","a8ebafd4d5e6e4d1"
"168242","a8ebafd4d5e6e4d1"
"168702","a8ebafd4d5e6e4d1"
"169146","a8ebafd4d5e6e4d1"
"169605","a8ebafd4d5e6e4d1"
"170049","a8ebafd4d5e6e4d1"
"170492","a8ebafd4d5e6e4d1"
"170933","a8ebafd4d5e6e4d1"
"171406","a8ebafd4d5e6e4d1"
"171847","a8ebafd4d5e6e4d1"
"172287","a8ebafd4d5e6e4d1"
"172745","a8ebafd4d5e6e4d1"
"173202","a8ebafd4d5e6e4d1"
"173661","a8ebafd4d5e6e4d1"
"174102","a8ebafd4d5e6e4d1"
"174557","a8ebafd4d5e6e4d1"
"175016","a8ebafd4d5e6e4d1"
"175475","a8ebafd4d5e6e4d1"
"175932","a8ebafd4d5e6e4d1"
"176390","a8ebafd4d5e6e4d1"
"176833","a8ebafd4d5e6e4d1"
"177288","a8ebafd4d5e6e4d1"
"177744","a8ebafd4d5e6e4d1"
"178185","a8ebafd4d5e6e4d1"
"178646","a8ebafd4d5e6e4d1"
"179104","a8ebafd4d5e6e4d1"
"179562","a8ebafd4d5e6e4d1"
